field,ra,dec
1,0.0,89.8
2,58.7940268576351,86.0
3,98.7940268576351,86.0
4,138.794026857635,86.0
5,178.794026857635,86.0
6,218.794026857635,86.0
7,258.794026857635,86.0
8,298.794026857635,86.0
9,338.794026857635,86.0
10,18.7940268576351,86.0
11,17.6275960030665,81.1388888888889
12,41.6275960030665,81.1388888888889
13,65.6275960030665,81.1388888888889
14,89.6275960030665,81.1388888888889
15,113.627596003067,81.1388888888889
16,137.627596003067,81.1388888888889
17,161.627596003067,81.1388888888889
18,185.627596003067,81.1388888888889
19,209.627596003067,81.1388888888889
20,233.627596003067,81.1388888888889
21,257.627596003067,81.1388888888889
22,281.627596003067,81.1388888888889
23,305.627596003067,81.1388888888889
24,329.627596003067,81.1388888888889
25,353.627596003067,81.1388888888889
26,10.8974007026682,76.2777777777778
27,28.0402578455254,76.2777777777778
28,45.1831149883825,76.2777777777778
29,62.3259721312397,76.2777777777778
30,79.4688292740968,76.2777777777778
31,96.6116864169539,76.2777777777778
32,113.754543559811,76.2777777777778
33,130.897400702668,76.2777777777778
34,148.040257845525,76.2777777777778
35,165.183114988382,76.2777777777778
36,182.32597213124,76.2777777777778
37,199.468829274097,76.2777777777778
38,216.611686416954,76.2777777777778
39,233.754543559811,76.2777777777778
40,250.897400702668,76.2777777777778
41,268.040257845525,76.2777777777778
42,285.183114988382,76.2777777777778
43,302.32597213124,76.2777777777778
44,319.468829274097,76.2777777777778
45,336.611686416954,76.2777777777778
46,353.754543559811,76.2777777777778
47,7.98693532347977,71.4166666666667
48,21.3202686568131,71.4166666666667
49,34.6536019901465,71.4166666666667
50,47.9869353234798,71.4166666666667
51,61.3202686568131,71.4166666666667
52,74.6536019901465,71.4166666666667
53,87.9869353234798,71.4166666666667
54,101.320268656813,71.4166666666667
55,114.653601990146,71.4166666666667
56,127.98693532348,71.4166666666667
57,141.320268656813,71.4166666666667
58,154.653601990146,71.4166666666667
59,167.98693532348,71.4166666666667
60,181.320268656813,71.4166666666667
61,194.653601990146,71.4166666666667
62,207.98693532348,71.4166666666667
63,221.320268656813,71.4166666666667
64,234.653601990146,71.4166666666667
65,247.98693532348,71.4166666666667
66,261.320268656813,71.4166666666667
67,274.653601990146,71.4166666666667
68,287.98693532348,71.4166666666667
69,301.320268656813,71.4166666666667
70,314.653601990146,71.4166666666667
71,327.98693532348,71.4166666666667
72,341.320268656813,71.4166666666667
73,354.653601990146,71.4166666666667
74,6.35401623035335,66.5555555555556
75,17.2631071394443,66.5555555555556
76,28.1721980485352,66.5555555555556
77,39.081288957626,66.5555555555556
78,49.990379866717,66.5555555555556
79,60.8994707758079,66.5555555555556
80,71.8085616848988,66.5555555555556
81,82.7176525939897,66.5555555555556
82,93.6267435030806,66.5555555555556
83,104.535834412172,66.5555555555556
84,115.444925321262,66.5555555555556
85,126.354016230353,66.5555555555556
86,137.263107139444,66.5555555555556
87,148.172198048535,66.5555555555556
88,159.081288957626,66.5555555555556
89,169.990379866717,66.5555555555556
90,180.899470775808,66.5555555555556
91,191.808561684899,66.5555555555556
92,202.71765259399,66.5555555555556
93,213.626743503081,66.5555555555556
94,224.535834412172,66.5555555555556
95,235.444925321262,66.5555555555556
96,246.354016230353,66.5555555555556
97,257.263107139444,66.5555555555556
98,268.172198048535,66.5555555555556
99,279.081288957626,66.5555555555556
100,289.990379866717,66.5555555555556
101,300.899470775808,66.5555555555556
102,311.808561684899,66.5555555555556
103,322.71765259399,66.5555555555556
104,333.626743503081,66.5555555555556
105,344.535834412171,66.5555555555556
106,355.444925321262,66.5555555555556
107,5.3122663457815,61.6944444444444
108,14.7859505563078,61.6944444444444
109,24.2596347668341,61.6944444444444
110,33.7333189773605,61.6944444444444
111,43.2070031878868,61.6944444444444
112,52.6806873984131,61.6944444444444
113,62.1543716089394,61.6944444444444
114,71.6280558194657,61.6944444444444
115,81.101740029992,61.6944444444444
116,90.5754242405183,61.6944444444444
117,100.049108451045,61.6944444444444
118,109.522792661571,61.6944444444444
119,118.996476872097,61.6944444444444
120,128.470161082624,61.6944444444444
121,137.94384529315,61.6944444444444
122,147.417529503676,61.6944444444444
123,156.891213714203,61.6944444444444
124,166.364897924729,61.6944444444444
125,175.838582135255,61.6944444444444
126,185.312266345781,61.6944444444444
127,194.785950556308,61.6944444444444
128,204.259634766834,61.6944444444444
129,213.73331897736,61.6944444444444
130,223.207003187887,61.6944444444444
131,232.680687398413,61.6944444444444
132,242.154371608939,61.6944444444444
133,251.628055819466,61.6944444444444
134,261.101740029992,61.6944444444444
135,270.575424240518,61.6944444444444
136,280.049108451045,61.6944444444444
137,289.522792661571,61.6944444444444
138,298.996476872097,61.6944444444444
139,308.470161082624,61.6944444444444
140,317.94384529315,61.6944444444444
141,327.417529503676,61.6944444444444
142,336.891213714203,61.6944444444444
143,346.364897924729,61.6944444444444
144,355.838582135255,61.6944444444444
145,4.59460557724651,56.8333333333333
146,12.9666986005023,56.8333333333333
147,21.3387916237581,56.8333333333333
148,29.7108846470139,56.8333333333333
149,38.0829776702698,56.8333333333333
150,46.4550706935256,56.8333333333333
151,54.8271637167813,56.8333333333333
152,63.1992567400372,56.8333333333333
153,71.571349763293,56.8333333333333
154,79.9434427865488,56.8333333333333
155,88.3155358098046,56.8333333333333
156,96.6876288330604,56.8333333333333
157,105.059721856316,56.8333333333333
158,113.431814879572,56.8333333333333
159,121.803907902828,56.8333333333333
160,130.176000926084,56.8333333333333
161,138.54809394934,56.8333333333333
162,146.920186972595,56.8333333333333
163,155.292279995851,56.8333333333333
164,163.664373019107,56.8333333333333
165,172.036466042363,56.8333333333333
166,180.408559065619,56.8333333333333
167,188.780652088874,56.8333333333333
168,197.15274511213,56.8333333333333
169,205.524838135386,56.8333333333333
170,213.896931158642,56.8333333333333
171,222.269024181898,56.8333333333333
172,230.641117205153,56.8333333333333
173,239.013210228409,56.8333333333333
174,247.385303251665,56.8333333333333
175,255.757396274921,56.8333333333333
176,264.129489298177,56.8333333333333
177,272.501582321433,56.8333333333333
178,280.873675344688,56.8333333333333
179,289.245768367944,56.8333333333333
180,297.6178613912,56.8333333333333
181,305.989954414456,56.8333333333333
182,314.362047437712,56.8333333333333
183,322.734140460967,56.8333333333333
184,331.106233484223,56.8333333333333
185,339.478326507479,56.8333333333333
186,347.850419530735,56.8333333333333
187,356.222512553991,56.8333333333333
188,4.07472130601508,51.9722222222222
189,11.5747213060151,51.9722222222222
190,19.0747213060151,51.9722222222222
191,26.5747213060151,51.9722222222222
192,34.0747213060151,51.9722222222222
193,41.5747213060151,51.9722222222222
194,49.0747213060151,51.9722222222222
195,56.5747213060151,51.9722222222222
196,64.0747213060151,51.9722222222222
197,71.5747213060151,51.9722222222222
198,79.0747213060151,51.9722222222222
199,86.5747213060151,51.9722222222222
200,94.0747213060151,51.9722222222222
201,101.574721306015,51.9722222222222
202,109.074721306015,51.9722222222222
203,116.574721306015,51.9722222222222
204,124.074721306015,51.9722222222222
205,131.574721306015,51.9722222222222
206,139.074721306015,51.9722222222222
207,146.574721306015,51.9722222222222
208,154.074721306015,51.9722222222222
209,161.574721306015,51.9722222222222
210,169.074721306015,51.9722222222222
211,176.574721306015,51.9722222222222
212,184.074721306015,51.9722222222222
213,191.574721306015,51.9722222222222
214,199.074721306015,51.9722222222222
215,206.574721306015,51.9722222222222
216,214.074721306015,51.9722222222222
217,221.574721306015,51.9722222222222
218,229.074721306015,51.9722222222222
219,236.574721306015,51.9722222222222
220,244.074721306015,51.9722222222222
221,251.574721306015,51.9722222222222
222,259.074721306015,51.9722222222222
223,266.574721306015,51.9722222222222
224,274.074721306015,51.9722222222222
225,281.574721306015,51.9722222222222
226,289.074721306015,51.9722222222222
227,296.574721306015,51.9722222222222
228,304.074721306015,51.9722222222222
229,311.574721306015,51.9722222222222
230,319.074721306015,51.9722222222222
231,326.574721306015,51.9722222222222
232,334.074721306015,51.9722222222222
233,341.574721306015,51.9722222222222
234,349.074721306015,51.9722222222222
235,356.574721306015,51.9722222222222
236,3.68498466480855,47.1111111111111
237,10.4774374949972,47.1111111111111
238,17.2698903251859,47.1111111111111
239,24.0623431553746,47.1111111111111
240,30.8547959855633,47.1111111111111
241,37.6472488157519,47.1111111111111
242,44.4397016459407,47.1111111111111
243,51.2321544761293,47.1111111111111
244,58.024607306318,47.1111111111111
245,64.8170601365067,47.1111111111111
246,71.6095129666953,47.1111111111111
247,78.401965796884,47.1111111111111
248,85.1944186270727,47.1111111111111
249,91.9868714572614,47.1111111111111
250,98.7793242874501,47.1111111111111
251,105.571777117639,47.1111111111111
252,112.364229947827,47.1111111111111
253,119.156682778016,47.1111111111111
254,125.949135608205,47.1111111111111
255,132.741588438393,47.1111111111111
256,139.534041268582,47.1111111111111
257,146.326494098771,47.1111111111111
258,153.11894692896,47.1111111111111
259,159.911399759148,47.1111111111111
260,166.703852589337,47.1111111111111
261,173.496305419526,47.1111111111111
262,180.288758249714,47.1111111111111
263,187.081211079903,47.1111111111111
264,193.873663910092,47.1111111111111
265,200.66611674028,47.1111111111111
266,207.458569570469,47.1111111111111
267,214.251022400658,47.1111111111111
268,221.043475230846,47.1111111111111
269,227.835928061035,47.1111111111111
270,234.628380891224,47.1111111111111
271,241.420833721412,47.1111111111111
272,248.213286551601,47.1111111111111
273,255.00573938179,47.1111111111111
274,261.798192211978,47.1111111111111
275,268.590645042167,47.1111111111111
276,275.383097872356,47.1111111111111
277,282.175550702544,47.1111111111111
278,288.968003532733,47.1111111111111
279,295.760456362922,47.1111111111111
280,302.55290919311,47.1111111111111
281,309.345362023299,47.1111111111111
282,316.137814853488,47.1111111111111
283,322.930267683677,47.1111111111111
284,329.722720513865,47.1111111111111
285,336.515173344054,47.1111111111111
286,343.307626174243,47.1111111111111
287,350.100079004431,47.1111111111111
288,356.89253183462,47.1111111111111
289,3.38592587588653,42.25
290,9.70171534957075,42.25
291,16.017504823255,42.25
292,22.3332942969391,42.25
293,28.6490837706234,42.25
294,34.9648732443076,42.25
295,41.2806627179918,42.25
296,47.596452191676,42.25
297,53.9122416653602,42.25
298,60.2280311390444,42.25
299,66.5438206127287,42.25
300,72.8596100864129,42.25
301,79.175399560097,42.25
302,85.4911890337813,42.25
303,91.8069785074655,42.25
304,98.1227679811497,42.25
305,104.438557454834,42.25
306,110.754346928518,42.25
307,117.070136402202,42.25
308,123.385925875887,42.25
309,129.701715349571,42.25
310,136.017504823255,42.25
311,142.333294296939,42.25
312,148.649083770623,42.25
313,154.964873244308,42.25
314,161.280662717992,42.25
315,167.596452191676,42.25
316,173.91224166536,42.25
317,180.228031139044,42.25
318,186.543820612729,42.25
319,192.859610086413,42.25
320,199.175399560097,42.25
321,205.491189033781,42.25
322,211.806978507465,42.25
323,218.12276798115,42.25
324,224.438557454834,42.25
325,230.754346928518,42.25
326,237.070136402202,42.25
327,243.385925875887,42.25
328,249.701715349571,42.25
329,256.017504823255,42.25
330,262.333294296939,42.25
331,268.649083770623,42.25
332,274.964873244308,42.25
333,281.280662717992,42.25
334,287.596452191676,42.25
335,293.91224166536,42.25
336,300.228031139044,42.25
337,306.543820612729,42.25
338,312.859610086413,42.25
339,319.175399560097,42.25
340,325.491189033781,42.25
341,331.806978507465,42.25
342,338.12276798115,42.25
343,344.438557454834,42.25
344,350.754346928518,42.25
345,357.070136402202,42.25
346,3.15301306705823,37.3888888888889
347,9.05465241132049,37.3888888888889
348,14.9562917555828,37.3888888888889
349,20.8579310998451,37.3888888888889
350,26.7595704441074,37.3888888888889
351,32.6612097883697,37.3888888888889
352,38.562849132632,37.3888888888889
353,44.4644884768943,37.3888888888889
354,50.3661278211566,37.3888888888889
355,56.2677671654189,37.3888888888889
356,62.1694065096812,37.3888888888889
357,68.0710458539435,37.3888888888889
358,73.9726851982058,37.3888888888889
359,79.8743245424681,37.3888888888889
360,85.7759638867304,37.3888888888889
361,91.6776032309926,37.3888888888889
362,97.579242575255,37.3888888888889
363,103.480881919517,37.3888888888889
364,109.38252126378,37.3888888888889
365,115.284160608042,37.3888888888889
366,121.185799952304,37.3888888888889
367,127.087439296566,37.3888888888889
368,132.989078640829,37.3888888888889
369,138.890717985091,37.3888888888889
370,144.792357329353,37.3888888888889
371,150.693996673616,37.3888888888889
372,156.595636017878,37.3888888888889
373,162.49727536214,37.3888888888889
374,168.398914706402,37.3888888888889
375,174.300554050665,37.3888888888889
376,180.202193394927,37.3888888888889
377,186.103832739189,37.3888888888889
378,192.005472083452,37.3888888888889
379,197.907111427714,37.3888888888889
380,203.808750771976,37.3888888888889
381,209.710390116239,37.3888888888889
382,215.612029460501,37.3888888888889
383,221.513668804763,37.3888888888889
384,227.415308149025,37.3888888888889
385,233.316947493288,37.3888888888889
386,239.21858683755,37.3888888888889
387,245.120226181812,37.3888888888889
388,251.021865526075,37.3888888888889
389,256.923504870337,37.3888888888889
390,262.825144214599,37.3888888888889
391,268.726783558862,37.3888888888889
392,274.628422903124,37.3888888888889
393,280.530062247386,37.3888888888889
394,286.431701591648,37.3888888888889
395,292.333340935911,37.3888888888889
396,298.234980280173,37.3888888888889
397,304.136619624435,37.3888888888889
398,310.038258968698,37.3888888888889
399,315.93989831296,37.3888888888889
400,321.841537657222,37.3888888888889
401,327.743177001484,37.3888888888889
402,333.644816345747,37.3888888888889
403,339.546455690009,37.3888888888889
404,345.448095034271,37.3888888888889
405,351.349734378534,37.3888888888889
406,357.251373722796,37.3888888888889
407,2.97026657923425,32.5277777777778
408,8.59526657923425,32.5277777777778
409,14.2202665792342,32.5277777777778
410,19.8452665792342,32.5277777777778
411,25.4702665792342,32.5277777777778
412,31.0952665792342,32.5277777777778
413,36.7202665792342,32.5277777777778
414,42.3452665792342,32.5277777777778
415,47.9702665792342,32.5277777777778
416,53.5952665792342,32.5277777777778
417,59.2202665792342,32.5277777777778
418,64.8452665792342,32.5277777777778
419,70.4702665792342,32.5277777777778
420,76.0952665792342,32.5277777777778
421,81.7202665792342,32.5277777777778
422,87.3452665792342,32.5277777777778
423,92.9702665792342,32.5277777777778
424,98.5952665792342,32.5277777777778
425,104.220266579234,32.5277777777778
426,109.845266579234,32.5277777777778
427,115.470266579234,32.5277777777778
428,121.095266579234,32.5277777777778
429,126.720266579234,32.5277777777778
430,132.345266579234,32.5277777777778
431,137.970266579234,32.5277777777778
432,143.595266579234,32.5277777777778
433,149.220266579234,32.5277777777778
434,154.845266579234,32.5277777777778
435,160.470266579234,32.5277777777778
436,166.095266579234,32.5277777777778
437,171.720266579234,32.5277777777778
438,177.345266579234,32.5277777777778
439,182.970266579234,32.5277777777778
440,188.595266579234,32.5277777777778
441,194.220266579234,32.5277777777778
442,199.845266579234,32.5277777777778
443,205.470266579234,32.5277777777778
444,211.095266579234,32.5277777777778
445,216.720266579234,32.5277777777778
446,222.345266579234,32.5277777777778
447,227.970266579234,32.5277777777778
448,233.595266579234,32.5277777777778
449,239.220266579234,32.5277777777778
450,244.845266579234,32.5277777777778
451,250.470266579234,32.5277777777778
452,256.095266579234,32.5277777777778
453,261.720266579234,32.5277777777778
454,267.345266579234,32.5277777777778
455,272.970266579234,32.5277777777778
456,278.595266579234,32.5277777777778
457,284.220266579234,32.5277777777778
458,289.845266579234,32.5277777777778
459,295.470266579234,32.5277777777778
460,301.095266579234,32.5277777777778
461,306.720266579234,32.5277777777778
462,312.345266579234,32.5277777777778
463,317.970266579234,32.5277777777778
464,323.595266579234,32.5277777777778
465,329.220266579234,32.5277777777778
466,334.845266579234,32.5277777777778
467,340.470266579234,32.5277777777778
468,346.095266579234,32.5277777777778
469,351.720266579234,32.5277777777778
470,357.345266579234,32.5277777777778
471,2.82691155549412,27.6666666666667
472,8.20004588385234,27.6666666666667
473,13.5731802122106,27.6666666666667
474,18.9463145405688,27.6666666666667
475,24.3194488689269,27.6666666666667
476,29.6925831972852,27.6666666666667
477,35.0657175256434,27.6666666666667
478,40.4388518540015,27.6666666666667
479,45.8119861823598,27.6666666666667
480,51.185120510718,27.6666666666667
481,56.5582548390762,27.6666666666667
482,61.9313891674344,27.6666666666667
483,67.3045234957926,27.6666666666667
484,72.6776578241509,27.6666666666667
485,78.050792152509,27.6666666666667
486,83.4239264808672,27.6666666666667
487,88.7970608092255,27.6666666666667
488,94.1701951375837,27.6666666666667
489,99.5433294659419,27.6666666666667
490,104.9164637943,27.6666666666667
491,110.289598122658,27.6666666666667
492,115.662732451016,27.6666666666667
493,121.035866779375,27.6666666666667
494,126.409001107733,27.6666666666667
495,131.782135436091,27.6666666666667
496,137.155269764449,27.6666666666667
497,142.528404092808,27.6666666666667
498,147.901538421166,27.6666666666667
499,153.274672749524,27.6666666666667
500,158.647807077882,27.6666666666667
501,164.02094140624,27.6666666666667
502,169.394075734599,27.6666666666667
503,174.767210062957,27.6666666666667
504,180.140344391315,27.6666666666667
505,185.513478719673,27.6666666666667
506,190.886613048031,27.6666666666667
507,196.25974737639,27.6666666666667
508,201.632881704748,27.6666666666667
509,207.006016033106,27.6666666666667
510,212.379150361464,27.6666666666667
511,217.752284689822,27.6666666666667
512,223.125419018181,27.6666666666667
513,228.498553346539,27.6666666666667
514,233.871687674897,27.6666666666667
515,239.244822003255,27.6666666666667
516,244.617956331614,27.6666666666667
517,249.991090659972,27.6666666666667
518,255.36422498833,27.6666666666667
519,260.737359316688,27.6666666666667
520,266.110493645046,27.6666666666667
521,271.483627973405,27.6666666666667
522,276.856762301763,27.6666666666667
523,282.229896630121,27.6666666666667
524,287.603030958479,27.6666666666667
525,292.976165286837,27.6666666666667
526,298.349299615196,27.6666666666667
527,303.722433943554,27.6666666666667
528,309.095568271912,27.6666666666667
529,314.46870260027,27.6666666666667
530,319.841836928628,27.6666666666667
531,325.214971256987,27.6666666666667
532,330.588105585345,27.6666666666667
533,335.961239913703,27.6666666666667
534,341.334374242061,27.6666666666667
535,346.70750857042,27.6666666666667
536,352.080642898778,27.6666666666667
537,357.453777227136,27.6666666666667
538,2.71550871104898,22.8055555555556
539,7.9329000153968,22.8055555555556
540,13.1502913197446,22.8055555555556
541,18.3676826240925,22.8055555555556
542,23.5850739284403,22.8055555555556
543,28.8024652327881,22.8055555555556
544,34.0198565371359,22.8055555555556
545,39.2372478414837,22.8055555555556
546,44.4546391458316,22.8055555555556
547,49.6720304501794,22.8055555555556
548,54.8894217545272,22.8055555555556
549,60.106813058875,22.8055555555556
550,65.3242043632229,22.8055555555556
551,70.5415956675707,22.8055555555556
552,75.7589869719185,22.8055555555556
553,80.9763782762664,22.8055555555556
554,86.1937695806142,22.8055555555556
555,91.411160884962,22.8055555555556
556,96.6285521893099,22.8055555555556
557,101.845943493658,22.8055555555556
558,107.063334798005,22.8055555555556
559,112.280726102353,22.8055555555556
560,117.498117406701,22.8055555555556
561,122.715508711049,22.8055555555556
562,127.932900015397,22.8055555555556
563,133.150291319745,22.8055555555556
564,138.367682624092,22.8055555555556
565,143.58507392844,22.8055555555556
566,148.802465232788,22.8055555555556
567,154.019856537136,22.8055555555556
568,159.237247841484,22.8055555555556
569,164.454639145832,22.8055555555556
570,169.672030450179,22.8055555555556
571,174.889421754527,22.8055555555556
572,180.106813058875,22.8055555555556
573,185.324204363223,22.8055555555556
574,190.541595667571,22.8055555555556
575,195.758986971919,22.8055555555556
576,200.976378276266,22.8055555555556
577,206.193769580614,22.8055555555556
578,211.411160884962,22.8055555555556
579,216.62855218931,22.8055555555556
580,221.845943493658,22.8055555555556
581,227.063334798005,22.8055555555556
582,232.280726102353,22.8055555555556
583,237.498117406701,22.8055555555556
584,242.715508711049,22.8055555555556
585,247.932900015397,22.8055555555556
586,253.150291319745,22.8055555555556
587,258.367682624092,22.8055555555556
588,263.58507392844,22.8055555555556
589,268.802465232788,22.8055555555556
590,274.019856537136,22.8055555555556
591,279.237247841484,22.8055555555556
592,284.454639145832,22.8055555555556
593,289.672030450179,22.8055555555556
594,294.889421754527,22.8055555555556
595,300.106813058875,22.8055555555556
596,305.324204363223,22.8055555555556
597,310.541595667571,22.8055555555556
598,315.758986971919,22.8055555555556
599,320.976378276266,22.8055555555556
600,326.193769580614,22.8055555555556
601,331.411160884962,22.8055555555556
602,336.62855218931,22.8055555555556
603,341.845943493658,22.8055555555556
604,347.063334798005,22.8055555555556
605,352.280726102353,22.8055555555556
606,357.498117406701,22.8055555555556
607,2.63085836581519,17.9444444444445
608,7.70128090102645,17.9444444444445
609,12.7717034362377,17.9444444444445
610,17.842125971449,17.9444444444445
611,22.9125485066602,17.9444444444445
612,27.9829710418715,17.9444444444445
613,33.0533935770828,17.9444444444445
614,38.1238161122941,17.9444444444445
615,43.1942386475054,17.9444444444445
616,48.2646611827166,17.9444444444445
617,53.3350837179279,17.9444444444445
618,58.4055062531392,17.9444444444445
619,63.4759287883504,17.9444444444445
620,68.5463513235617,17.9444444444445
621,73.6167738587729,17.9444444444445
622,78.6871963939842,17.9444444444445
623,83.7576189291955,17.9444444444445
624,88.8280414644067,17.9444444444445
625,93.898463999618,17.9444444444445
626,98.9688865348293,17.9444444444445
627,104.039309070041,17.9444444444445
628,109.109731605252,17.9444444444445
629,114.180154140463,17.9444444444445
630,119.250576675674,17.9444444444445
631,124.320999210886,17.9444444444445
632,129.391421746097,17.9444444444445
633,134.461844281308,17.9444444444445
634,139.532266816519,17.9444444444445
635,144.602689351731,17.9444444444445
636,149.673111886942,17.9444444444445
637,154.743534422153,17.9444444444445
638,159.813956957364,17.9444444444445
639,164.884379492576,17.9444444444445
640,169.954802027787,17.9444444444445
641,175.025224562998,17.9444444444445
642,180.09564709821,17.9444444444445
643,185.166069633421,17.9444444444445
644,190.236492168632,17.9444444444445
645,195.306914703843,17.9444444444445
646,200.377337239055,17.9444444444445
647,205.447759774266,17.9444444444445
648,210.518182309477,17.9444444444445
649,215.588604844688,17.9444444444445
650,220.6590273799,17.9444444444445
651,225.729449915111,17.9444444444445
652,230.799872450322,17.9444444444445
653,235.870294985534,17.9444444444445
654,240.940717520745,17.9444444444445
655,246.011140055956,17.9444444444445
656,251.081562591167,17.9444444444445
657,256.151985126379,17.9444444444445
658,261.22240766159,17.9444444444445
659,266.292830196801,17.9444444444445
660,271.363252732012,17.9444444444445
661,276.433675267224,17.9444444444445
662,281.504097802435,17.9444444444445
663,286.574520337646,17.9444444444445
664,291.644942872857,17.9444444444445
665,296.715365408069,17.9444444444445
666,301.78578794328,17.9444444444445
667,306.856210478491,17.9444444444445
668,311.926633013703,17.9444444444445
669,316.997055548914,17.9444444444445
670,322.067478084125,17.9444444444445
671,327.137900619336,17.9444444444445
672,332.208323154548,17.9444444444445
673,337.278745689759,17.9444444444445
674,342.34916822497,17.9444444444445
675,347.419590760181,17.9444444444445
676,352.490013295393,17.9444444444445
677,357.560435830604,17.9444444444445
678,2.56933453534657,13.0833333333333
679,7.50084138466161,13.0833333333333
680,12.4323482339767,13.0833333333333
681,17.3638550832918,13.0833333333333
682,22.2953619326069,13.0833333333333
683,27.2268687819219,13.0833333333333
684,32.158375631237,13.0833333333333
685,37.089882480552,13.0833333333333
686,42.0213893298671,13.0833333333333
687,46.9528961791822,13.0833333333333
688,51.8844030284973,13.0833333333333
689,56.8159098778123,13.0833333333333
690,61.7474167271274,13.0833333333333
691,66.6789235764425,13.0833333333333
692,71.6104304257575,13.0833333333333
693,76.5419372750726,13.0833333333333
694,81.4734441243877,13.0833333333333
695,86.4049509737027,13.0833333333333
696,91.3364578230178,13.0833333333333
697,96.2679646723329,13.0833333333333
698,101.199471521648,13.0833333333333
699,106.130978370963,13.0833333333333
700,111.062485220278,13.0833333333333
701,115.993992069593,13.0833333333333
702,120.925498918908,13.0833333333333
703,125.857005768223,13.0833333333333
704,130.788512617538,13.0833333333333
705,135.720019466853,13.0833333333333
706,140.651526316168,13.0833333333333
707,145.583033165484,13.0833333333333
708,150.514540014799,13.0833333333333
709,155.446046864114,13.0833333333333
710,160.377553713429,13.0833333333333
711,165.309060562744,13.0833333333333
712,170.240567412059,13.0833333333333
713,175.172074261374,13.0833333333333
714,180.103581110689,13.0833333333333
715,185.035087960004,13.0833333333333
716,189.966594809319,13.0833333333333
717,194.898101658634,13.0833333333333
718,199.829608507949,13.0833333333333
719,204.761115357264,13.0833333333333
720,209.692622206579,13.0833333333333
721,214.624129055895,13.0833333333333
722,219.55563590521,13.0833333333333
723,224.487142754525,13.0833333333333
724,229.41864960384,13.0833333333333
725,234.350156453155,13.0833333333333
726,239.28166330247,13.0833333333333
727,244.213170151785,13.0833333333333
728,249.1446770011,13.0833333333333
729,254.076183850415,13.0833333333333
730,259.00769069973,13.0833333333333
731,263.939197549045,13.0833333333333
732,268.87070439836,13.0833333333333
733,273.802211247675,13.0833333333333
734,278.73371809699,13.0833333333333
735,283.665224946305,13.0833333333333
736,288.596731795621,13.0833333333333
737,293.528238644936,13.0833333333333
738,298.459745494251,13.0833333333333
739,303.391252343566,13.0833333333333
740,308.322759192881,13.0833333333333
741,313.254266042196,13.0833333333333
742,318.185772891511,13.0833333333333
743,323.117279740826,13.0833333333333
744,328.048786590141,13.0833333333333
745,332.980293439456,13.0833333333333
746,337.911800288771,13.0833333333333
747,342.843307138086,13.0833333333333
748,347.774813987401,13.0833333333333
749,352.706320836716,13.0833333333333
750,357.637827686032,13.0833333333333
751,2.52847189093774,8.22222222222223
752,7.39333675580258,8.22222222222223
753,12.2582016206675,8.22222222222223
754,17.1230664855323,8.22222222222223
755,21.9879313503972,8.22222222222223
756,26.8527962152621,8.22222222222223
757,31.717661080127,8.22222222222223
758,36.5825259449918,8.22222222222223
759,41.4473908098566,8.22222222222223
760,46.3122556747215,8.22222222222223
761,51.1771205395864,8.22222222222223
762,56.0419854044512,8.22222222222223
763,60.9068502693161,8.22222222222223
764,65.771715134181,8.22222222222223
765,70.6365799990459,8.22222222222223
766,75.5014448639107,8.22222222222223
767,80.3663097287756,8.22222222222223
768,85.2311745936404,8.22222222222223
769,90.0960394585053,8.22222222222223
770,94.9609043233702,8.22222222222223
771,99.825769188235,8.22222222222223
772,104.6906340531,8.22222222222223
773,109.555498917965,8.22222222222223
774,114.42036378283,8.22222222222223
775,119.285228647695,8.22222222222223
776,124.150093512559,8.22222222222223
777,129.014958377424,8.22222222222223
778,133.879823242289,8.22222222222223
779,138.744688107154,8.22222222222223
780,143.609552972019,8.22222222222223
781,148.474417836884,8.22222222222223
782,153.339282701749,8.22222222222223
783,158.204147566613,8.22222222222223
784,163.069012431478,8.22222222222223
785,167.933877296343,8.22222222222223
786,172.798742161208,8.22222222222223
787,177.663607026073,8.22222222222223
788,182.528471890938,8.22222222222223
789,187.393336755803,8.22222222222223
790,192.258201620667,8.22222222222223
791,197.123066485532,8.22222222222223
792,201.987931350397,8.22222222222223
793,206.852796215262,8.22222222222223
794,211.717661080127,8.22222222222223
795,216.582525944992,8.22222222222223
796,221.447390809857,8.22222222222223
797,226.312255674722,8.22222222222223
798,231.177120539586,8.22222222222223
799,236.041985404451,8.22222222222223
800,240.906850269316,8.22222222222223
801,245.771715134181,8.22222222222223
802,250.636579999046,8.22222222222223
803,255.501444863911,8.22222222222223
804,260.366309728776,8.22222222222223
805,265.23117459364,8.22222222222223
806,270.096039458505,8.22222222222223
807,274.96090432337,8.22222222222223
808,279.825769188235,8.22222222222223
809,284.6906340531,8.22222222222223
810,289.555498917965,8.22222222222223
811,294.42036378283,8.22222222222223
812,299.285228647695,8.22222222222223
813,304.150093512559,8.22222222222223
814,309.014958377424,8.22222222222223
815,313.879823242289,8.22222222222223
816,318.744688107154,8.22222222222223
817,323.609552972019,8.22222222222223
818,328.474417836884,8.22222222222223
819,333.339282701749,8.22222222222223
820,338.204147566613,8.22222222222223
821,343.069012431478,8.22222222222223
822,347.933877296343,8.22222222222223
823,352.798742161208,8.22222222222223
824,357.663607026073,8.22222222222223
825,2.50671007996527,3.36111111111111
826,7.37157494483017,3.36111111111111
827,12.236439809695,3.36111111111111
828,17.1013046745599,3.36111111111111
829,21.9661695394248,3.36111111111111
830,26.8310344042896,3.36111111111111
831,31.6958992691544,3.36111111111111
832,36.5607641340193,3.36111111111111
833,41.4256289988842,3.36111111111111
834,46.2904938637491,3.36111111111111
835,51.1553587286139,3.36111111111111
836,56.0202235934788,3.36111111111111
837,60.8850884583437,3.36111111111111
838,65.7499533232085,3.36111111111111
839,70.6148181880734,3.36111111111111
840,75.4796830529382,3.36111111111111
841,80.3445479178031,3.36111111111111
842,85.209412782668,3.36111111111111
843,90.0742776475329,3.36111111111111
844,94.9391425123977,3.36111111111111
845,99.8040073772626,3.36111111111111
846,104.668872242127,3.36111111111111
847,109.533737106992,3.36111111111111
848,114.398601971857,3.36111111111111
849,119.263466836722,3.36111111111111
850,124.128331701587,3.36111111111111
851,128.993196566452,3.36111111111111
852,133.858061431317,3.36111111111111
853,138.722926296182,3.36111111111111
854,143.587791161046,3.36111111111111
855,148.452656025911,3.36111111111111
856,153.317520890776,3.36111111111111
857,158.182385755641,3.36111111111111
858,163.047250620506,3.36111111111111
859,167.912115485371,3.36111111111111
860,172.776980350236,3.36111111111111
861,177.6418452151,3.36111111111111
862,182.506710079965,3.36111111111111
863,187.37157494483,3.36111111111111
864,192.236439809695,3.36111111111111
865,197.10130467456,3.36111111111111
866,201.966169539425,3.36111111111111
867,206.83103440429,3.36111111111111
868,211.695899269154,3.36111111111111
869,216.560764134019,3.36111111111111
870,221.425628998884,3.36111111111111
871,226.290493863749,3.36111111111111
872,231.155358728614,3.36111111111111
873,236.020223593479,3.36111111111111
874,240.885088458344,3.36111111111111
875,245.749953323209,3.36111111111111
876,250.614818188073,3.36111111111111
877,255.479683052938,3.36111111111111
878,260.344547917803,3.36111111111111
879,265.209412782668,3.36111111111111
880,270.074277647533,3.36111111111111
881,274.939142512398,3.36111111111111
882,279.804007377263,3.36111111111111
883,284.668872242127,3.36111111111111
884,289.533737106992,3.36111111111111
885,294.398601971857,3.36111111111111
886,299.263466836722,3.36111111111111
887,304.128331701587,3.36111111111111
888,308.993196566452,3.36111111111111
889,313.858061431317,3.36111111111111
890,318.722926296181,3.36111111111111
891,323.587791161046,3.36111111111111
892,328.452656025911,3.36111111111111
893,333.317520890776,3.36111111111111
894,338.182385755641,3.36111111111111
895,343.047250620506,3.36111111111111
896,347.912115485371,3.36111111111111
897,352.776980350236,3.36111111111111
898,357.6418452151,3.36111111111111
899,2.50324278265634,-1.5
900,7.36810764752124,-1.5
901,12.2329725123861,-1.5
902,17.0978373772509,-1.5
903,21.9627022421158,-1.5
904,26.8275671069807,-1.5
905,31.6924319718455,-1.5
906,36.5572968367104,-1.5
907,41.4221617015753,-1.5
908,46.2870265664401,-1.5
909,51.151891431305,-1.5
910,56.0167562961699,-1.5
911,60.8816211610347,-1.5
912,65.7464860258996,-1.5
913,70.6113508907645,-1.5
914,75.4762157556293,-1.5
915,80.3410806204942,-1.5
916,85.2059454853591,-1.5
917,90.0708103502239,-1.5
918,94.9356752150888,-1.5
919,99.8005400799536,-1.5
920,104.665404944819,-1.5
921,109.530269809683,-1.5
922,114.395134674548,-1.5
923,119.259999539413,-1.5
924,124.124864404278,-1.5
925,128.989729269143,-1.5
926,133.854594134008,-1.5
927,138.719458998873,-1.5
928,143.584323863737,-1.5
929,148.449188728602,-1.5
930,153.314053593467,-1.5
931,158.178918458332,-1.5
932,163.043783323197,-1.5
933,167.908648188062,-1.5
934,172.773513052927,-1.5
935,177.638377917791,-1.5
936,182.503242782656,-1.5
937,187.368107647521,-1.5
938,192.232972512386,-1.5
939,197.097837377251,-1.5
940,201.962702242116,-1.5
941,206.827567106981,-1.5
942,211.692431971846,-1.5
943,216.55729683671,-1.5
944,221.422161701575,-1.5
945,226.28702656644,-1.5
946,231.151891431305,-1.5
947,236.01675629617,-1.5
948,240.881621161035,-1.5
949,245.7464860259,-1.5
950,250.611350890764,-1.5
951,255.476215755629,-1.5
952,260.341080620494,-1.5
953,265.205945485359,-1.5
954,270.070810350224,-1.5
955,274.935675215089,-1.5
956,279.800540079954,-1.5
957,284.665404944819,-1.5
958,289.530269809683,-1.5
959,294.395134674548,-1.5
960,299.259999539413,-1.5
961,304.124864404278,-1.5
962,308.989729269143,-1.5
963,313.854594134008,-1.5
964,318.719458998873,-1.5
965,323.584323863737,-1.5
966,328.449188728602,-1.5
967,333.314053593467,-1.5
968,338.178918458332,-1.5
969,343.043783323197,-1.5
970,347.908648188062,-1.5
971,352.773513052927,-1.5
972,357.638377917792,-1.5
973,2.51794309653894,-6.3611111111111
974,7.38280796140378,-6.3611111111111
975,12.2476728262686,-6.3611111111111
976,17.1125376911335,-6.3611111111111
977,21.9774025559984,-6.3611111111111
978,26.8422674208632,-6.3611111111111
979,31.7071322857281,-6.3611111111111
980,36.571997150593,-6.3611111111111
981,41.4368620154578,-6.3611111111111
982,46.3017268803227,-6.3611111111111
983,51.1665917451876,-6.3611111111111
984,56.0314566100524,-6.3611111111111
985,60.8963214749173,-6.3611111111111
986,65.7611863397822,-6.3611111111111
987,70.626051204647,-6.3611111111111
988,75.4909160695119,-6.3611111111111
989,80.3557809343768,-6.3611111111111
990,85.2206457992417,-6.3611111111111
991,90.0855106641065,-6.3611111111111
992,94.9503755289713,-6.3611111111111
993,99.8152403938362,-6.3611111111111
994,104.680105258701,-6.3611111111111
995,109.544970123566,-6.3611111111111
996,114.409834988431,-6.3611111111111
997,119.274699853296,-6.3611111111111
998,124.139564718161,-6.3611111111111
999,129.004429583025,-6.3611111111111
1000,133.86929444789,-6.3611111111111
1001,138.734159312755,-6.3611111111111
1002,143.59902417762,-6.3611111111111
1003,148.463889042485,-6.3611111111111
1004,153.32875390735,-6.3611111111111
1005,158.193618772215,-6.3611111111111
1006,163.058483637079,-6.3611111111111
1007,167.923348501944,-6.3611111111111
1008,172.788213366809,-6.3611111111111
1009,177.653078231674,-6.3611111111111
1010,182.517943096539,-6.3611111111111
1011,187.382807961404,-6.3611111111111
1012,192.247672826269,-6.3611111111111
1013,197.112537691134,-6.3611111111111
1014,201.977402555998,-6.3611111111111
1015,206.842267420863,-6.3611111111111
1016,211.707132285728,-6.3611111111111
1017,216.571997150593,-6.3611111111111
1018,221.436862015458,-6.3611111111111
1019,226.301726880323,-6.3611111111111
1020,231.166591745188,-6.3611111111111
1021,236.031456610052,-6.3611111111111
1022,240.896321474917,-6.3611111111111
1023,245.761186339782,-6.3611111111111
1024,250.626051204647,-6.3611111111111
1025,255.490916069512,-6.3611111111111
1026,260.355780934377,-6.3611111111111
1027,265.220645799242,-6.3611111111111
1028,270.085510664106,-6.3611111111111
1029,274.950375528971,-6.3611111111111
1030,279.815240393836,-6.3611111111111
1031,284.680105258701,-6.3611111111111
1032,289.544970123566,-6.3611111111111
1033,294.409834988431,-6.3611111111111
1034,299.274699853296,-6.3611111111111
1035,304.139564718161,-6.3611111111111
1036,309.004429583025,-6.3611111111111
1037,313.86929444789,-6.3611111111111
1038,318.734159312755,-6.3611111111111
1039,323.59902417762,-6.3611111111111
1040,328.463889042485,-6.3611111111111
1041,333.32875390735,-6.3611111111111
1042,338.193618772215,-6.3611111111111
1043,343.058483637079,-6.3611111111111
1044,347.923348501944,-6.3611111111111
1045,352.788213366809,-6.3611111111111
1046,357.653078231674,-6.3611111111111
1047,2.55135200593577,-11.2222222222222
1048,7.48285885525087,-11.2222222222222
1049,12.414365704566,-11.2222222222222
1050,17.345872553881,-11.2222222222222
1051,22.2773794031961,-11.2222222222222
1052,27.2088862525111,-11.2222222222222
1053,32.1403931018262,-11.2222222222222
1054,37.0718999511413,-11.2222222222222
1055,42.0034068004563,-11.2222222222222
1056,46.9349136497714,-11.2222222222222
1057,51.8664204990865,-11.2222222222222
1058,56.7979273484016,-11.2222222222222
1059,61.7294341977166,-11.2222222222222
1060,66.6609410470317,-11.2222222222222
1061,71.5924478963468,-11.2222222222222
1062,76.5239547456619,-11.2222222222222
1063,81.4554615949769,-11.2222222222222
1064,86.386968444292,-11.2222222222222
1065,91.318475293607,-11.2222222222222
1066,96.2499821429221,-11.2222222222222
1067,101.181488992237,-11.2222222222222
1068,106.112995841552,-11.2222222222222
1069,111.044502690867,-11.2222222222222
1070,115.976009540182,-11.2222222222222
1071,120.907516389497,-11.2222222222222
1072,125.839023238813,-11.2222222222222
1073,130.770530088128,-11.2222222222222
1074,135.702036937443,-11.2222222222222
1075,140.633543786758,-11.2222222222222
1076,145.565050636073,-11.2222222222222
1077,150.496557485388,-11.2222222222222
1078,155.428064334703,-11.2222222222222
1079,160.359571184018,-11.2222222222222
1080,165.291078033333,-11.2222222222222
1081,170.222584882648,-11.2222222222222
1082,175.154091731963,-11.2222222222222
1083,180.085598581278,-11.2222222222222
1084,185.017105430593,-11.2222222222222
1085,189.948612279908,-11.2222222222222
1086,194.880119129223,-11.2222222222222
1087,199.811625978539,-11.2222222222222
1088,204.743132827854,-11.2222222222222
1089,209.674639677169,-11.2222222222222
1090,214.606146526484,-11.2222222222222
1091,219.537653375799,-11.2222222222222
1092,224.469160225114,-11.2222222222222
1093,229.400667074429,-11.2222222222222
1094,234.332173923744,-11.2222222222222
1095,239.263680773059,-11.2222222222222
1096,244.195187622374,-11.2222222222222
1097,249.126694471689,-11.2222222222222
1098,254.058201321004,-11.2222222222222
1099,258.989708170319,-11.2222222222222
1100,263.921215019634,-11.2222222222222
1101,268.85272186895,-11.2222222222222
1102,273.784228718265,-11.2222222222222
1103,278.71573556758,-11.2222222222222
1104,283.647242416895,-11.2222222222222
1105,288.57874926621,-11.2222222222222
1106,293.510256115525,-11.2222222222222
1107,298.44176296484,-11.2222222222222
1108,303.373269814155,-11.2222222222222
1109,308.30477666347,-11.2222222222222
1110,313.236283512785,-11.2222222222222
1111,318.1677903621,-11.2222222222222
1112,323.099297211415,-11.2222222222222
1113,328.03080406073,-11.2222222222222
1114,332.962310910045,-11.2222222222222
1115,337.893817759361,-11.2222222222222
1116,342.825324608676,-11.2222222222222
1117,347.756831457991,-11.2222222222222
1118,352.688338307306,-11.2222222222222
1119,357.619845156621,-11.2222222222222
1120,2.60472793989038,-16.0833333333333
1121,7.60472793989038,-16.0833333333333
1122,12.6047279398904,-16.0833333333333
1123,17.6047279398904,-16.0833333333333
1124,22.6047279398904,-16.0833333333333
1125,27.6047279398904,-16.0833333333333
1126,32.6047279398903,-16.0833333333333
1127,37.6047279398903,-16.0833333333333
1128,42.6047279398903,-16.0833333333333
1129,47.6047279398903,-16.0833333333333
1130,52.6047279398903,-16.0833333333333
1131,57.6047279398903,-16.0833333333333
1132,62.6047279398903,-16.0833333333333
1133,67.6047279398903,-16.0833333333333
1134,72.6047279398903,-16.0833333333333
1135,77.6047279398903,-16.0833333333333
1136,82.6047279398903,-16.0833333333333
1137,87.6047279398903,-16.0833333333333
1138,92.6047279398903,-16.0833333333333
1139,97.6047279398903,-16.0833333333333
1140,102.60472793989,-16.0833333333333
1141,107.60472793989,-16.0833333333333
1142,112.60472793989,-16.0833333333333
1143,117.60472793989,-16.0833333333333
1144,122.60472793989,-16.0833333333333
1145,127.60472793989,-16.0833333333333
1146,132.60472793989,-16.0833333333333
1147,137.60472793989,-16.0833333333333
1148,142.60472793989,-16.0833333333333
1149,147.60472793989,-16.0833333333333
1150,152.60472793989,-16.0833333333333
1151,157.60472793989,-16.0833333333333
1152,162.60472793989,-16.0833333333333
1153,167.60472793989,-16.0833333333333
1154,172.60472793989,-16.0833333333333
1155,177.60472793989,-16.0833333333333
1156,182.60472793989,-16.0833333333333
1157,187.60472793989,-16.0833333333333
1158,192.60472793989,-16.0833333333333
1159,197.60472793989,-16.0833333333333
1160,202.60472793989,-16.0833333333333
1161,207.60472793989,-16.0833333333333
1162,212.60472793989,-16.0833333333333
1163,217.60472793989,-16.0833333333333
1164,222.60472793989,-16.0833333333333
1165,227.60472793989,-16.0833333333333
1166,232.60472793989,-16.0833333333333
1167,237.60472793989,-16.0833333333333
1168,242.60472793989,-16.0833333333333
1169,247.60472793989,-16.0833333333333
1170,252.60472793989,-16.0833333333333
1171,257.60472793989,-16.0833333333333
1172,262.60472793989,-16.0833333333333
1173,267.60472793989,-16.0833333333333
1174,272.60472793989,-16.0833333333333
1175,277.60472793989,-16.0833333333333
1176,282.60472793989,-16.0833333333333
1177,287.60472793989,-16.0833333333333
1178,292.60472793989,-16.0833333333333
1179,297.60472793989,-16.0833333333333
1180,302.60472793989,-16.0833333333333
1181,307.60472793989,-16.0833333333333
1182,312.60472793989,-16.0833333333333
1183,317.60472793989,-16.0833333333333
1184,322.60472793989,-16.0833333333333
1185,327.60472793989,-16.0833333333333
1186,332.60472793989,-16.0833333333333
1187,337.60472793989,-16.0833333333333
1188,342.60472793989,-16.0833333333333
1189,347.60472793989,-16.0833333333333
1190,352.60472793989,-16.0833333333333
1191,357.60472793989,-16.0833333333333
1192,2.68016609522874,-20.9444444444444
1193,7.82302323808591,-20.9444444444444
1194,12.9658803809431,-20.9444444444444
1195,18.1087375238002,-20.9444444444444
1196,23.2515946666573,-20.9444444444444
1197,28.3944518095145,-20.9444444444444
1198,33.5373089523716,-20.9444444444444
1199,38.6801660952287,-20.9444444444444
1200,43.8230232380859,-20.9444444444444
1201,48.9658803809431,-20.9444444444444
1202,54.1087375238002,-20.9444444444444
1203,59.2515946666573,-20.9444444444444
1204,64.3944518095145,-20.9444444444444
1205,69.5373089523716,-20.9444444444444
1206,74.6801660952287,-20.9444444444444
1207,79.8230232380859,-20.9444444444444
1208,84.9658803809431,-20.9444444444444
1209,90.1087375238002,-20.9444444444444
1210,95.2515946666574,-20.9444444444444
1211,100.394451809514,-20.9444444444444
1212,105.537308952372,-20.9444444444444
1213,110.680166095229,-20.9444444444444
1214,115.823023238086,-20.9444444444444
1215,120.965880380943,-20.9444444444444
1216,126.1087375238,-20.9444444444444
1217,131.251594666657,-20.9444444444444
1218,136.394451809514,-20.9444444444444
1219,141.537308952372,-20.9444444444444
1220,146.680166095229,-20.9444444444444
1221,151.823023238086,-20.9444444444444
1222,156.965880380943,-20.9444444444444
1223,162.1087375238,-20.9444444444444
1224,167.251594666657,-20.9444444444444
1225,172.394451809514,-20.9444444444444
1226,177.537308952372,-20.9444444444444
1227,182.680166095229,-20.9444444444444
1228,187.823023238086,-20.9444444444444
1229,192.965880380943,-20.9444444444444
1230,198.1087375238,-20.9444444444444
1231,203.251594666657,-20.9444444444444
1232,208.394451809514,-20.9444444444444
1233,213.537308952372,-20.9444444444444
1234,218.680166095229,-20.9444444444444
1235,223.823023238086,-20.9444444444444
1236,228.965880380943,-20.9444444444444
1237,234.1087375238,-20.9444444444444
1238,239.251594666657,-20.9444444444444
1239,244.394451809514,-20.9444444444444
1240,249.537308952372,-20.9444444444444
1241,254.680166095229,-20.9444444444444
1242,259.823023238086,-20.9444444444444
1243,264.965880380943,-20.9444444444444
1244,270.1087375238,-20.9444444444444
1245,275.251594666657,-20.9444444444444
1246,280.394451809514,-20.9444444444444
1247,285.537308952372,-20.9444444444444
1248,290.680166095229,-20.9444444444444
1249,295.823023238086,-20.9444444444444
1250,300.965880380943,-20.9444444444444
1251,306.1087375238,-20.9444444444444
1252,311.251594666657,-20.9444444444444
1253,316.394451809514,-20.9444444444444
1254,321.537308952372,-20.9444444444444
1255,326.680166095229,-20.9444444444444
1256,331.823023238086,-20.9444444444444
1257,336.965880380943,-20.9444444444444
1258,342.1087375238,-20.9444444444444
1259,347.251594666657,-20.9444444444444
1260,352.394451809514,-20.9444444444444
1261,357.537308952372,-20.9444444444444
1262,2.78080939915327,-25.8055555555555
1263,8.07492704621211,-25.8055555555555
1264,13.3690446932709,-25.8055555555555
1265,18.6631623403298,-25.8055555555555
1266,23.9572799873886,-25.8055555555555
1267,29.2513976344474,-25.8055555555555
1268,34.5455152815063,-25.8055555555555
1269,39.839632928565,-25.8055555555555
1270,45.1337505756239,-25.8055555555555
1271,50.4278682226827,-25.8055555555555
1272,55.7219858697415,-25.8055555555555
1273,61.0161035168003,-25.8055555555555
1274,66.3102211638592,-25.8055555555555
1275,71.604338810918,-25.8055555555555
1276,76.8984564579768,-25.8055555555555
1277,82.1925741050356,-25.8055555555555
1278,87.4866917520944,-25.8055555555555
1279,92.7808093991533,-25.8055555555555
1280,98.0749270462121,-25.8055555555555
1281,103.369044693271,-25.8055555555555
1282,108.66316234033,-25.8055555555555
1283,113.957279987389,-25.8055555555555
1284,119.251397634447,-25.8055555555555
1285,124.545515281506,-25.8055555555555
1286,129.839632928565,-25.8055555555555
1287,135.133750575624,-25.8055555555555
1288,140.427868222683,-25.8055555555555
1289,145.721985869742,-25.8055555555555
1290,151.0161035168,-25.8055555555555
1291,156.310221163859,-25.8055555555555
1292,161.604338810918,-25.8055555555555
1293,166.898456457977,-25.8055555555555
1294,172.192574105036,-25.8055555555555
1295,177.486691752094,-25.8055555555555
1296,182.780809399153,-25.8055555555555
1297,188.074927046212,-25.8055555555555
1298,193.369044693271,-25.8055555555555
1299,198.66316234033,-25.8055555555555
1300,203.957279987389,-25.8055555555555
1301,209.251397634447,-25.8055555555555
1302,214.545515281506,-25.8055555555555
1303,219.839632928565,-25.8055555555555
1304,225.133750575624,-25.8055555555555
1305,230.427868222683,-25.8055555555555
1306,235.721985869742,-25.8055555555555
1307,241.0161035168,-25.8055555555555
1308,246.310221163859,-25.8055555555555
1309,251.604338810918,-25.8055555555555
1310,256.898456457977,-25.8055555555555
1311,262.192574105036,-25.8055555555555
1312,267.486691752094,-25.8055555555555
1313,272.780809399153,-25.8055555555555
1314,278.074927046212,-25.8055555555555
1315,283.369044693271,-25.8055555555555
1316,288.66316234033,-25.8055555555555
1317,293.957279987389,-25.8055555555555
1318,299.251397634447,-25.8055555555555
1319,304.545515281506,-25.8055555555555
1320,309.839632928565,-25.8055555555555
1321,315.133750575624,-25.8055555555555
1322,320.427868222683,-25.8055555555555
1323,325.721985869742,-25.8055555555555
1324,331.0161035168,-25.8055555555555
1325,336.310221163859,-25.8055555555555
1326,341.604338810918,-25.8055555555555
1327,346.898456457977,-25.8055555555555
1328,352.192574105036,-25.8055555555555
1329,357.486691752094,-25.8055555555555
